{"cameraMode":{"drawMode":0,"name":"Shaded","section":"Shading Mode"},"sceneLighting":true,"audioPlay":false,"sceneViewState":{"showFog":true,"showMaterialUpdate":false,"showSkybox":false,"showFlares":true,"showImageEffects":true,"showParticleSystems":true},"in2DMode":false,"pivot":{"x":10.608936309814454,"y":-9.458015441894532,"z":42.57145690917969},"rotation":{"x":-0.2892359793186188,"y":-0.472383588552475,"z":0.16752995550632478,"w":-0.8155550956726074},"size":84.12393188476563,"orthographic":false}