{"cameraMode":{"drawMode":0,"name":"Shaded","section":"Shading Mode"},"sceneLighting":true,"audioPlay":false,"sceneViewState":{"showFog":true,"showMaterialUpdate":false,"showSkybox":true,"showFlares":true,"showImageEffects":true,"showParticleSystems":true},"in2DMode":false,"pivot":{"x":356.2992248535156,"y":-302.95574951171877,"z":-130.81008911132813},"rotation":{"x":-0.21147651970386506,"y":-0.7435253858566284,"z":0.2750577926635742,"w":-0.571656346321106},"size":696.6126708984375,"orthographic":false}