{"cameraMode":{"drawMode":0,"name":"Shaded","section":"Shading Mode"},"sceneLighting":false,"audioPlay":false,"sceneViewState":{"showFog":true,"showMaterialUpdate":false,"showSkybox":false,"showFlares":true,"showImageEffects":true,"showParticleSystems":true},"in2DMode":false,"pivot":{"x":-18.190000534057618,"y":5.800000190734863,"z":-19.100000381469728},"rotation":{"x":-0.19612258672714234,"y":-0.6721983551979065,"z":0.19170045852661134,"w":-0.6877036690711975},"size":1.9343273639678956,"orthographic":false}