{"cameraMode":{"drawMode":0,"name":"Shaded","section":"Shading Mode"},"sceneLighting":true,"audioPlay":false,"sceneViewState":{"showFog":true,"showMaterialUpdate":false,"showSkybox":true,"showFlares":true,"showImageEffects":true,"showParticleSystems":true},"in2DMode":false,"pivot":{"x":-4.314977645874023,"y":2.1138579845428469,"z":19.296411514282228},"rotation":{"x":0.10401574522256851,"y":0.8638880848884583,"z":-0.19937938451766969,"w":0.4506950080394745},"size":22.335636138916017,"orthographic":false}