{"cameraMode":{"drawMode":0,"name":"Shaded","section":"Shading Mode"},"sceneLighting":true,"audioPlay":false,"sceneViewState":{"showFog":true,"showMaterialUpdate":false,"showSkybox":true,"showFlares":true,"showImageEffects":true,"showParticleSystems":true},"in2DMode":false,"pivot":{"x":2.821558952331543,"y":3.7562055587768556,"z":-9.208789825439454},"rotation":{"x":-0.2457921952009201,"y":0.4265784025192261,"z":-0.12165404111146927,"w":-0.8618685007095337},"size":18.39870262145996,"orthographic":false}