{"cameraMode":{"drawMode":0,"name":"Shaded","section":"Shading Mode"},"sceneLighting":false,"audioPlay":false,"sceneViewState":{"showFog":true,"showMaterialUpdate":false,"showSkybox":false,"showFlares":true,"showImageEffects":true,"showParticleSystems":true},"in2DMode":false,"pivot":{"x":-18.190000534057618,"y":5.800000190734863,"z":-19.100000381469728},"rotation":{"x":-0.15674029290676118,"y":-0.6721771955490112,"z":0.14877769351005555,"w":-0.7081494331359863},"size":0.5249857902526856,"orthographic":false}