{"cameraMode":{"drawMode":0,"name":"Shaded","section":"Shading Mode"},"sceneLighting":true,"audioPlay":false,"sceneViewState":{"showFog":true,"showMaterialUpdate":false,"showSkybox":true,"showFlares":true,"showImageEffects":true,"showParticleSystems":true},"in2DMode":false,"pivot":{"x":10.01738452911377,"y":-2.762977123260498,"z":-14.639059066772461},"rotation":{"x":-0.09531471133232117,"y":-0.7674513459205627,"z":0.11741157621145249,"w":-0.6230153441429138},"size":33.01222229003906,"orthographic":false}