{"cameraMode":{"drawMode":0,"name":"Shaded","section":"Shading Mode"},"sceneLighting":true,"audioPlay":false,"sceneViewState":{"showFog":true,"showMaterialUpdate":false,"showSkybox":true,"showFlares":true,"showImageEffects":true,"showParticleSystems":true},"in2DMode":false,"pivot":{"x":132.42335510253907,"y":-85.6078872680664,"z":67.05653381347656},"rotation":{"x":-0.2542722225189209,"y":-0.6051618456840515,"z":0.21258749067783357,"w":-0.723831057548523},"size":260.3168640136719,"orthographic":false}