{"cameraMode":{"drawMode":0,"name":"Shaded","section":"Shading Mode"},"sceneLighting":true,"audioPlay":false,"sceneViewState":{"showFog":true,"showMaterialUpdate":false,"showSkybox":true,"showFlares":true,"showImageEffects":true,"showParticleSystems":true},"in2DMode":false,"pivot":{"x":218.2774658203125,"y":-148.61917114257813,"z":22.514219284057618},"rotation":{"x":-0.23026826977729798,"y":-0.6432146430015564,"z":0.2119491994380951,"w":-0.6988054513931274},"size":355.4999694824219,"orthographic":false}