{"cameraMode":{"drawMode":0,"name":"Shaded","section":"Shading Mode"},"sceneLighting":false,"audioPlay":false,"sceneViewState":{"showFog":true,"showMaterialUpdate":false,"showSkybox":false,"showFlares":true,"showImageEffects":true,"showParticleSystems":true},"in2DMode":false,"pivot":{"x":-0.07036566734313965,"y":7.3712921142578129,"z":-0.30755770206451418},"rotation":{"x":-0.2873423993587494,"y":0.1863510012626648,"z":-0.05709683522582054,"w":-0.937788724899292},"size":24.617801666259767,"orthographic":false}