{"cameraMode":{"drawMode":0,"name":"Shaded","section":"Shading Mode"},"sceneLighting":true,"audioPlay":false,"sceneViewState":{"showFog":true,"showMaterialUpdate":false,"showSkybox":true,"showFlares":true,"showImageEffects":true,"showParticleSystems":true},"in2DMode":false,"pivot":{"x":85.07418823242188,"y":-54.44409942626953,"z":44.64820098876953},"rotation":{"x":-0.21889883279800416,"y":-0.5201619863510132,"z":0.13995030522346497,"w":-0.8135900497436523},"size":227.38023376464845,"orthographic":false}