{"cameraMode":{"drawMode":0,"name":"Shaded","section":"Shading Mode"},"sceneLighting":true,"audioPlay":false,"sceneViewState":{"showFog":true,"showMaterialUpdate":false,"showSkybox":false,"showFlares":true,"showImageEffects":true,"showParticleSystems":true},"in2DMode":false,"pivot":{"x":6.480194091796875,"y":-9.844200134277344,"z":49.13932800292969},"rotation":{"x":-0.2892359793186188,"y":-0.472383588552475,"z":0.16752995550632478,"w":-0.8155550956726074},"size":40.40947341918945,"orthographic":false}