{"cameraMode":{"drawMode":0,"name":"Shaded","section":"Shading Mode"},"sceneLighting":false,"audioPlay":false,"sceneViewState":{"showFog":true,"showMaterialUpdate":false,"showSkybox":false,"showFlares":true,"showImageEffects":true,"showParticleSystems":true},"in2DMode":false,"pivot":{"x":16.699996948242189,"y":1.850006103515625,"z":17.248001098632814},"rotation":{"x":-0.20615431666374207,"y":-0.6125612854957581,"z":0.16974592208862306,"w":-0.743945837020874},"size":266.6820068359375,"orthographic":false}