{"cameraMode":{"drawMode":0,"name":"Shaded","section":"Shading Mode"},"sceneLighting":true,"audioPlay":false,"sceneViewState":{"showFog":true,"showMaterialUpdate":false,"showSkybox":true,"showFlares":true,"showImageEffects":true,"showParticleSystems":true},"in2DMode":false,"pivot":{"x":77.5224380493164,"y":-61.059627532958987,"z":5.627359390258789},"rotation":{"x":-0.3009352385997772,"y":-0.5508589148521423,"z":0.22219328582286836,"w":-0.7460715174674988},"size":129.97140502929688,"orthographic":false}